
SET SQL_MODE = "NO_AUTO_VALUE_ON_ZERO";
SET time_zone = "+02:00";

CREATE TABLE `permissions` (
  `perm_id` int(10) NOT NULL,
  `perm_desc` varchar(255) NOT NULL
) ENGINE=InnoDB DEFAULT CHARSET=utf8;

INSERT INTO `permissions` (`perm_id`, `perm_desc`) VALUES
(1, 'The administrator has all the possible privileges that are given on this host'),
(2, 'The moderator has the ability to edit, delete your and other people\'s posts and comments.'),
(3, 'The author has rights only for data related and content that is generated by the author himself. The author has the right to edit, delete only his posts or comments'),
(4, 'The subscriber has the right to edit and delete his comments only. Posting is not allowed.'),
(5, 'A blocked user is not allowed to view closed content. Has the same rights as a user deleted from the system. But the lock is temporary. No login allowed'),
(6, 'The user removed from the system does not have the right to view closed content. Logon denied forever'),
(7, 'A visitor is a random user who has not logged in or has not registered. Not allowed to view closed content');

CREATE TABLE `roles` (
  `role_id` int(10) NOT NULL,
  `role_name` varchar(255) NOT NULL
) ENGINE=InnoDB DEFAULT CHARSET=utf8;

INSERT INTO `roles` (`role_id`, `role_name`) VALUES
(1, 'Administrator'),
(2, 'Moderator'),
(3, 'Author'),
(4, 'Subscriber'),
(5, 'BlockedUser'),
(6, 'DeletedUser'),
(7, 'Visitor');

CREATE TABLE `role_perm` (
  `role_id` int(10) NOT NULL,
  `perm_id` int(10) NOT NULL
) ENGINE=InnoDB DEFAULT CHARSET=utf8;

INSERT INTO `role_perm` (`role_id`, `perm_id`) VALUES
(1, 1),
(3, 3),
(2, 2),
(4, 4),
(5, 5),
(6, 6),
(7, 7);

CREATE TABLE `users` (
  `user_id` int(255) NOT NULL,
  `user_name` varchar(255) NOT NULL,
  `user_email` varchar(255) NOT NULL,
  `user_password` varchar(255) NOT NULL,
  `user_registration_date` int(15) NOT NULL
) ENGINE=InnoDB DEFAULT CHARSET=utf8;

CREATE TABLE `user_tokens` (
  `token_id` int(255) NOT NULL,
  `token_user_id` int(255) NOT NULL,
  `token_user_agent` varchar(255) NOT NULL,
  `token_hash` varchar(255) NOT NULL,
  `token_created` int(11) NOT NULL,
  `token_expires` int(11) NOT NULL
) ENGINE=InnoDB  DEFAULT CHARSET=utf8;

CREATE TABLE `user_role` (
  `user_id` int(255) NOT NULL,
  `role_id` int(255) NOT NULL
) ENGINE=InnoDB DEFAULT CHARSET=utf8;

ALTER TABLE `user_tokens` 
  ADD PRIMARY KEY (`token_id`),
  ADD KEY `user_tokens_idx` (`token_user_id`);

ALTER TABLE `user_tokens`
  MODIFY `token_id` int(255) NOT NULL AUTO_INCREMENT, AUTO_INCREMENT=1;

ALTER TABLE `user_tokens`
  ADD CONSTRAINT `user_tokens_ibfk_1` FOREIGN KEY (`token_user_id`) REFERENCES `users` (`user_id`);
 
INSERT INTO `users` (`user_id`, `user_name`, `user_email`, `user_password`, `user_hash`, `user_registration_date`) VALUES
(3, 'admin', 'admin@gmail.com', 'sdfkakjsfhwe92398sdf34bc8932lsdlf238sdf', 'sdfkakjsfhwe92398sdf34bc8932lsdlf238sdf', '2019-12-16 00:00:00.000000'),
(4, 'jcmax', 'jcmaxuser@gmail.com', 'Hesoyam12', 'Hesoyam12', '2019-12-16 00:00:00.000000');

INSERT INTO `user_role` (`user_id`, `role_id`) VALUES
(3, 1),
(4, 3);

ALTER TABLE `permissions`
  ADD PRIMARY KEY (`perm_id`),
  ADD KEY `permissions_idx` (`perm_id`);

ALTER TABLE `roles`
  ADD PRIMARY KEY (`role_id`),
  ADD KEY `roles_idx` (`role_id`);

ALTER TABLE `role_perm`
  ADD KEY `role_id` (`role_id`),
  ADD KEY `perm_id` (`perm_id`);

ALTER TABLE `users`
  ADD PRIMARY KEY (`user_id`),
  ADD KEY `users_idx` (`user_id`);

ALTER TABLE `users`
  MODIFY `user_id` int(255) NOT NULL AUTO_INCREMENT, AUTO_INCREMENT=1;

ALTER TABLE `user_role`
  ADD KEY `user_id` (`user_id`),
  ADD KEY `role_id` (`role_id`);

ALTER TABLE `permissions`
  MODIFY `perm_id` int(10) NOT NULL AUTO_INCREMENT, AUTO_INCREMENT=1;

ALTER TABLE `roles`
  MODIFY `role_id` int(10) NOT NULL AUTO_INCREMENT, AUTO_INCREMENT=1;


ALTER TABLE `role_perm`
  ADD CONSTRAINT `role_perm_ibfk_1` FOREIGN KEY (`role_id`) REFERENCES `roles` (`role_id`),
  ADD CONSTRAINT `role_perm_ibfk_2` FOREIGN KEY (`perm_id`) REFERENCES `permissions` (`perm_id`);

ALTER TABLE `user_role`
  ADD CONSTRAINT `user_role_ibfk_1` FOREIGN KEY (`user_id`) REFERENCES `users` (`user_id`),
  ADD CONSTRAINT `user_role_ibfk_2` FOREIGN KEY (`role_id`) REFERENCES `roles` (`role_id`);


  --- последнее добавленное 

CREATE TABLE `users_activation` (
  `activation_id`     int(255) NOT NULL,
  `activation_user_id`  int(255) NOT NULL,
  `activation_token`    varchar(255) NOT NULL,
  `activation_confirm`  varchar(255) NOT NULL,
  `activation_created`  int(11) NOT NULL
) ENGINE=InnoDB  DEFAULT CHARSET=utf8;

ALTER TABLE `users_activation`
  ADD PRIMARY KEY (`activation_id`),
  ADD KEY `user_activations_idx` (`activation_id`),
  MODIFY `activation_id` int(255) NOT NULL AUTO_INCREMENT, AUTO_INCREMENT=1,
  ADD CONSTRAINT `user_activations_ibfk_1` FOREIGN KEY (`activation_user_id`) REFERENCES `users` (`user_id`);




  
